census_code,soc2010,n_onet,n_with_data,match,onet_no_data,Achievement,Independence,Recognition,Relationships,Support,Working Conditions
0010,11-1011,2,2,1:many,,6.5,6.835,6.5,5.0,4.33,6.33
0020,11-1021,1,1,1:1,,5.33,6.0,5.67,6.33,4.67,6.0
0030,11-1031,1,1,1:1,,5.33,5.0,5.0,5.67,4.0,4.33
0040,11-2011,1,1,1:1,,5.33,5.33,5.33,5.0,4.0,5.33
0050,11-2020,2,2,1:many,,5.665,5.67,5.0,4.835,5.165,5.835
0060,11-2031,2,0,no data,"11-2032.00, 11-2033.00",,,,,,
0100,11-3011,2,1,partial,11-3013.00,4.67,5.67,4.67,6.33,4.0,4.67
0110,11-3021,1,1,1:1,,5.33,5.0,5.33,4.33,5.67,6.5
0120,11-3031,2,2,1:many,,5.5,5.835,5.335,4.5,5.165,5.915
0135,11-3111,1,1,1:1,,5.33,5.67,5.0,6.0,5.67,5.67
0136,11-3121,1,1,1:1,,5.33,5.0,5.67,6.0,4.33,5.33
0137,11-3131,1,1,1:1,,5.33,5.33,5.0,6.0,4.0,5.67
0140,11-3051,6,6,1:many,,5.5566666666666675,5.5,5.446666666666666,4.555,4.443333333333333,5.695
0150,11-3061,1,1,1:1,,4.0,4.67,4.33,4.0,5.0,5.33
0160,11-3071,1,1,1:1,,4.44,5.22,4.22,5.33,4.78,5.17
0205,11-9013,1,1,1:1,,4.89,5.22,4.44,4.66,3.22,4.67
0220,11-9021,1,1,1:1,,5.33,5.67,4.67,5.0,5.33,5.83
0230,11-9030,5,4,partial,11-9039.00,5.7524999999999995,6.0825,5.25,6.25,3.915,5.3325
0300,11-9041,2,2,1:many,,6.335,6.0,5.33,3.665,4.335,6.085
0310,11-9051,1,1,1:1,,4.33,5.67,4.33,4.67,4.67,4.5
0325,11-9061,1,1,1:1,,5.67,5.33,5.0,6.33,2.67,4.83
0330,11-9071,1,1,1:1,,5.0,6.0,4.33,6.0,5.0,5.17
0340,11-9081,1,1,1:1,,5.0,6.0,4.33,7.0,4.0,4.17
0350,11-9111,1,1,1:1,,5.0,6.0,4.67,6.0,5.67,6.0
0360,11-9121,3,3,1:many,,5.4433333333333325,5.553333333333334,4.89,3.9966666666666666,4.333333333333333,5.386666666666667
0400,11-9131,1,1,1:1,,4.0,5.67,4.0,4.67,5.33,5.0
0410,11-9141,1,1,1:1,,5.0,5.67,4.33,4.33,3.67,4.83
0420,11-9151,1,1,1:1,,5.33,5.67,5.0,6.33,4.33,5.5
0425,11-9161,1,1,1:1,,5.0,5.67,5.0,5.33,5.0,5.0
0430,11-9199,13,8,partial,"11-3013.01, 11-9072.00, 11-9179.00, 11-9199.00, 13-1082.00",5.5,5.29125,4.875,4.8325,4.375,5.04125
0500,13-1011,1,1,1:1,,6.33,6.33,5.33,5.33,3.67,5.33
0510,13-1021,1,1,1:1,,4.0,5.33,3.67,4.0,3.67,4.17
0520,13-1022,1,1,1:1,,4.0,4.0,3.67,4.0,4.0,3.5
0530,13-1023,1,1,1:1,,4.0,4.67,4.0,4.67,4.67,5.0
0540,13-1030,2,2,1:many,,4.085,4.835,3.75,4.415,4.915,4.625
0565,13-1041,6,6,1:many,,4.555,4.778333333333333,3.776666666666667,4.445,4.666666666666667,4.445
0600,13-1051,1,1,1:1,,4.0,4.67,4.0,4.67,3.67,4.5
0630,13-1070,3,3,1:many,,4.556666666666667,4.333333333333333,4.0,5.446666666666666,4.333333333333333,4.163333333333333
0640,13-1141,1,1,1:1,,4.67,4.33,4.67,5.33,5.0,4.17
0650,13-1151,1,1,1:1,,5.33,5.33,4.67,6.33,4.67,4.83
0700,13-1081,3,3,1:many,,5.333333333333333,5.446666666666666,5.113333333333333,4.223333333333334,4.223333333333334,4.943333333333333
0710,13-1111,1,1,1:1,,5.33,5.33,5.0,6.0,3.67,5.17
0725,13-1121,1,1,1:1,,5.0,5.33,5.0,6.33,3.33,4.83
0726,13-1131,1,1,1:1,,6.67,6.0,4.67,6.67,4.0,5.33
0735,13-1161,1,1,1:1,,4.67,4.0,3.67,3.33,4.33,4.33
0740,13-1199,8,5,partial,"13-1082.00, 13-1199.00, 13-1199.07",5.066,5.134,4.268,4.134,3.868,4.568
0800,13-2011,1,1,1:1,,5.0,5.0,4.67,4.67,4.67,4.5
0810,13-2021,2,1,partial,13-2022.00,3.67,4.83,3.67,3.5,4.5,4.08
0820,13-2031,1,1,1:1,,4.0,4.33,4.0,3.67,4.67,5.33
0830,13-2041,1,1,1:1,,4.33,4.33,4.33,5.0,4.33,4.0
0840,13-2051,2,0,no data,"13-2051.00, 13-2054.00",,,,,,
0850,13-2052,1,1,1:1,,5.0,5.33,4.67,4.33,3.67,4.67
0860,13-2053,1,1,1:1,,4.33,5.0,4.0,5.0,4.67,4.0
0900,13-2061,1,1,1:1,,4.67,5.67,4.33,5.0,4.0,4.33
0910,13-2070,2,2,1:many,,5.0,5.33,4.335,5.835,4.335,4.5
0930,13-2081,1,1,1:1,,4.33,3.67,3.67,4.0,4.33,3.83
0940,13-2082,1,1,1:1,,3.33,3.67,3.33,4.67,3.67,3.33
0950,13-2099,5,2,partial,"13-2051.00, 13-2054.00, 13-2099.00",5.0,5.33,4.665,4.33,4.5,5.0
1005,15-1111,1,1,1:1,,5.67,5.33,5.33,3.67,4.67,5.67
1006,15-1121,2,2,1:many,,5.0,5.0,4.835,4.17,4.665,4.835
1007,15-1122,1,1,1:1,,4.67,5.33,4.33,4.33,5.33,5.67
1010,15-1131,1,1,1:1,,5.67,5.0,4.33,2.33,5.0,5.5
1020,15-113X,2,1,partial,15-1252.00,5.0,5.0,4.67,4.33,5.0,5.0
1030,15-1134,2,1,partial,15-1255.00,5.0,5.67,5.0,4.0,4.33,5.33
1050,15-1150,2,2,1:many,,5.165,4.5,4.165,4.165,5.0,4.92
1060,15-1141,2,2,1:many,,5.335,4.33,4.33,3.17,4.335,5.165
1105,15-1142,1,1,1:1,,4.67,4.33,4.67,4.0,5.33,5.5
1106,15-1143,2,2,1:many,,5.5,4.5,4.165,3.0,4.665,5.0
1107,15-1199,14,11,partial,"13-1082.00, 15-1255.00, 15-1299.00",5.576363636363637,4.969090909090909,4.4390909090909085,3.4545454545454546,4.181818181818182,5.038181818181818
1200,15-2011,1,1,1:1,,4.67,4.67,4.33,3.67,4.33,5.0
1210,15-2021,1,1,1:1,,6.0,5.33,5.67,2.0,2.33,5.33
1220,15-2031,1,1,1:1,,6.0,5.67,5.0,2.0,3.33,5.17
1230,15-2041,3,3,1:many,,5.11,5.0,4.666666666666667,3.776666666666667,3.4433333333333334,4.5
1240,15-2090,2,0,no data,"15-2051.00, 15-2099.00",,,,,,
1300,17-1010,2,2,1:many,,5.335,5.835,5.17,3.5,3.665,5.335
1310,17-1020,3,3,1:many,,4.556666666666667,4.666666666666667,3.78,4.22,4.11,4.333333333333333
1320,17-2011,1,1,1:1,,5.0,5.33,5.33,4.33,5.0,5.5
1330,17-2021,1,1,1:1,,5.33,5.67,4.67,3.33,3.67,5.67
1340,17-2031,1,1,1:1,,5.33,6.0,5.0,5.0,5.0,5.33
1350,17-2041,1,1,1:1,,5.33,5.33,5.67,4.0,4.0,5.33
1360,17-2051,2,2,1:many,,5.33,5.5,5.33,4.0,5.0,5.25
1400,17-2061,1,1,1:1,,5.33,5.0,5.0,4.0,5.0,6.0
1410,17-2070,3,3,1:many,,5.0,5.22,4.776666666666666,3.33,4.556666666666667,5.113333333333333
1420,17-2081,2,2,1:many,,6.0,5.165,5.5,3.83,3.83,5.75
1430,17-2110,4,4,1:many,,5.5825,5.5024999999999995,5.1675,3.9175,4.4975000000000005,5.54
1440,17-2121,1,1,1:1,,5.5,5.67,5.5,4.33,4.83,5.17
1450,17-2131,1,1,1:1,,5.0,5.33,4.67,3.0,5.67,5.33
1460,17-2141,3,3,1:many,,5.886666666666667,5.4433333333333325,5.336666666666666,3.3366666666666664,3.776666666666667,5.5566666666666675
1500,17-2151,1,1,1:1,,5.0,5.33,5.0,3.67,5.67,5.83
1510,17-2161,1,1,1:1,,5.67,5.0,5.67,2.33,5.33,5.17
1520,17-2171,1,1,1:1,,5.33,5.67,5.33,3.67,5.0,5.67
1530,17-2199,12,11,partial,17-2199.00,5.636363636363637,5.484545454545454,5.211818181818182,3.4545454545454546,4.271818181818182,5.531818181818182
1540,17-3010,4,3,partial,17-3019.00,4.053333333333334,3.8333333333333335,3.6666666666666665,3.8866666666666667,4.723333333333334,4.193333333333333
1550,17-3020,14,12,partial,"17-3028.00, 17-3029.00",4.528333333333333,4.235,3.9091666666666662,3.7283333333333335,5.1875,4.503333333333333
1560,17-3031,1,1,1:1,,3.5,4.17,3.0,3.67,4.67,3.58
1600,19-1010,3,3,1:many,,5.4433333333333325,5.11,5.11,3.8866666666666667,3.776666666666667,4.666666666666667
1610,19-1020,8,7,partial,19-1029.00,5.43,5.048571428571429,5.475714285714285,3.6185714285714283,3.62,5.0
1640,19-1030,4,4,1:many,,4.5,4.9175,4.0,4.6675,3.4175,4.8325
1650,19-1040,2,2,1:many,,5.67,5.5,5.5,4.665,3.83,5.0
1660,19-1099,1,0,no data,19-1099.00,,,,,,
1700,19-2010,2,2,1:many,,6.0,5.835,6.0,2.5,3.0,5.835
1710,19-2021,1,1,1:1,,5.33,5.0,4.67,5.0,3.0,5.0
1720,19-2030,2,2,1:many,,5.67,5.33,5.165,3.335,4.335,5.17
1740,19-2040,6,6,1:many,,5.609999999999999,5.221666666666667,4.888333333333333,3.7783333333333338,3.0,5.001666666666666
1760,19-2099,2,1,partial,19-2099.00,5.67,5.33,5.33,4.0,4.33,5.0
1800,19-3011,2,2,1:many,,5.665,5.665,5.165,3.0,3.0,5.67
1815,19-3022,1,1,1:1,,4.67,5.33,4.67,4.67,3.33,3.67
1820,19-3030,6,3,partial,"19-3039.00, 19-3039.02, 19-3039.03",5.609999999999999,5.78,5.11,6.609999999999999,3.9466666666666668,5.583333333333333
1830,19-3041,1,1,1:1,,5.67,5.67,5.33,3.33,2.67,5.17
1840,19-3051,1,1,1:1,,5.0,4.33,4.67,5.33,3.67,5.0
1860,19-3090,6,5,partial,19-3099.00,5.434,5.234,4.832,4.066,3.134,5.068
1900,19-4011,2,2,1:many,,3.5,3.665,3.0,4.835,5.335,3.33
1910,19-4021,1,1,1:1,,4.33,3.67,3.0,3.33,4.33,3.83
1920,19-4031,1,1,1:1,,3.33,3.67,3.0,4.33,5.33,3.67
1930,19-4041,2,1,partial,19-4044.00,4.0,4.17,3.67,4.17,4.83,4.0
1940,19-4051,2,2,1:many,,3.83,3.67,3.17,4.335,6.835,4.08
1950,19-4061,2,2,1:many,,4.5,4.5,3.835,4.5,3.335,4.5
1965,19-4090,8,6,partial,"19-4044.00, 19-4099.00",4.221666666666667,4.278333333333333,3.6666666666666665,3.776666666666667,4.776666666666666,4.193333333333333
2000,21-1010,6,5,partial,21-1019.00,5.465999999999999,5.0,4.668,6.6,3.6019999999999994,4.566
2010,21-1020,4,3,partial,21-1029.00,5.890000000000001,5.4433333333333325,4.0,6.446666666666666,4.67,4.886666666666667
2015,21-1092,1,1,1:1,,4.0,3.67,3.67,5.33,6.0,4.67
2016,21-1093,1,1,1:1,,3.67,4.0,3.33,6.0,5.0,3.5
2025,21-109X,3,2,partial,21-1099.00,5.5,5.665,4.165,7.0,3.33,4.585
2040,21-2011,1,1,1:1,,6.67,6.33,5.33,6.33,3.33,5.0
2050,21-2021,1,1,1:1,,5.67,5.33,3.67,7.0,3.67,5.0
2060,21-2099,1,0,no data,21-2099.00,,,,,,
2100,23-1011,1,1,1:1,,6.0,6.0,6.33,4.0,4.33,6.0
2105,23-1012,1,1,1:1,,5.0,3.0,3.67,3.67,4.33,4.33
2110,23-1020,3,3,1:many,,5.776666666666666,5.886666666666667,5.666666666666667,5.890000000000001,3.9966666666666666,5.4433333333333325
2145,23-2011,1,1,1:1,,4.0,3.0,3.67,5.0,4.33,4.33
2160,23-2090,3,2,partial,23-2099.00,4.0,3.835,2.835,4.0,4.5,3.665
2200,25-1000,38,36,partial,"25-1069.00, 25-1199.00",5.658888888888889,5.612222222222222,5.184722222222223,5.074166666666667,3.1766666666666667,5.342777777777778
2300,25-2010,2,2,1:many,,5.0,4.665,3.665,6.5,3.67,4.335
2310,25-2020,3,3,1:many,,5.333333333333333,5.33,4.22,6.22,4.22,4.78
2320,25-2030,2,2,1:many,,5.5,5.165,4.165,6.5,4.5,5.08
2330,25-2050,7,4,partial,"25-2055.00, 25-2056.00, 25-2059.00",5.585,4.9175,4.0825,6.8325,4.1675,4.54
2340,25-3000,5,3,partial,"25-3031.00, 25-3099.00",5.0,5.446666666666666,4.11,6.0,3.0,4.28
2400,25-4010,3,3,1:many,,5.003333333333333,5.11,4.333333333333333,4.333333333333333,3.5533333333333332,4.386666666666667
2430,25-4021,1,1,1:1,,4.67,5.17,3.67,5.83,4.17,5.42
2440,25-4031,1,1,1:1,,3.0,3.67,2.33,5.33,4.67,4.0
2540,25-9041,3,0,no data,"25-9042.00, 25-9043.00, 25-9049.00",,,,,,
2550,25-90XX,4,3,partial,25-9099.00,5.113333333333333,5.5,4.223333333333334,5.9433333333333325,3.28,4.806666666666667
2600,27-1010,5,4,partial,27-1019.00,5.6675,5.75,4.25,3.4175,2.665,4.75
2630,27-1020,8,7,partial,27-1029.00,5.24,5.048571428571429,3.954285714285714,4.428571428571429,3.238571428571429,4.3342857142857145
2700,27-2011,1,1,1:1,,5.67,4.67,4.67,6.0,2.0,4.17
2710,27-2012,4,4,1:many,,5.4575,5.75,5.5,5.125,3.7075,5.145
2720,27-2020,3,3,1:many,,5.890000000000001,4.886666666666667,4.556666666666667,5.113333333333333,4.113333333333333,3.89
2740,27-2030,2,2,1:many,,5.665,4.67,4.665,5.335,2.5,4.085
2750,27-2040,2,2,1:many,,5.83,4.415,4.75,5.25,2.585,4.17
2760,27-2099,2,0,no data,"27-2091.00, 27-2099.00",,,,,,
2800,27-3010,2,1,partial,27-3099.00,5.33,5.0,5.0,4.33,4.67,3.83
2810,27-3020,1,1,1:1,,5.67,5.17,5.5,4.83,3.67,4.75
2825,27-3031,1,1,1:1,,5.67,5.67,4.67,5.33,4.67,5.33
2830,27-3041,1,1,1:1,,5.33,6.0,5.0,4.33,4.0,4.33
2840,27-3042,1,1,1:1,,4.33,4.67,3.33,3.0,3.67,4.67
2850,27-3043,2,2,1:many,,5.5,4.67,4.335,3.335,3.165,4.5
2860,27-3090,2,1,partial,27-3099.00,3.67,3.67,4.0,5.33,3.67,4.17
2900,27-4010,4,3,partial,43-2099.00,4.11,4.776666666666666,3.3333333333333335,4.443333333333333,3.8866666666666667,4.0
2910,27-4021,1,1,1:1,,4.33,5.0,3.67,4.67,2.67,3.5
2920,27-4030,2,2,1:many,,4.335,4.83,4.5,3.5,3.67,4.25
2960,27-4099,2,0,no data,"27-4015.00, 27-4099.00",,,,,,
3000,29-1011,1,1,1:1,,5.67,6.33,5.0,6.33,4.0,5.5
3010,29-1020,5,4,partial,29-1029.00,5.9175,6.4175,5.75,6.0,4.1675,5.75
3030,29-1031,1,1,1:1,,5.0,5.67,5.0,6.0,4.0,4.67
3040,29-1041,1,1,1:1,,6.0,5.67,6.0,6.0,4.67,6.17
3050,29-1051,1,1,1:1,,4.67,4.67,5.67,5.0,5.33,4.67
3060,29-1060,23,17,partial,"29-1212.00, 29-1214.00, 29-1229.00, 29-1242.00, 29-1243.00, 29-1249.00",6.155882352941177,5.96,6.077058823529412,5.587647058823529,5.0194117647058825,5.676470588235294
3110,29-1071,2,2,1:many,,4.83,4.5,4.335,5.5,5.33,4.835
3120,29-1081,1,1,1:1,,6.0,6.0,5.67,6.0,4.67,5.5
3140,29-1181,1,1,1:1,,5.67,5.0,5.0,6.33,5.0,5.5
3150,29-1122,2,2,1:many,,5.5,5.335,4.5,6.5,4.665,5.08
3160,29-1123,1,1,1:1,,5.67,5.33,5.67,6.67,4.67,5.33
3200,29-1124,1,1,1:1,,5.0,4.67,4.33,6.33,6.33,5.0
3210,29-1125,3,3,1:many,,5.5566666666666675,5.223333333333334,4.333333333333333,7.0,3.5566666666666666,4.446666666666666
3220,29-1126,1,1,1:1,,4.33,4.0,4.67,6.0,5.67,4.5
3230,29-1127,1,1,1:1,,5.67,5.33,4.67,6.67,4.0,5.17
3235,29-1128,1,1,1:1,,6.0,5.67,5.0,6.33,3.33,4.67
3245,29-1129,1,0,no data,29-1129.00,,,,,,
3250,29-1131,1,1,1:1,,7.0,6.33,6.0,6.0,4.67,5.83
3255,29-1141,5,5,1:many,,5.3340000000000005,4.934,4.8,6.066,5.734,5.1
3256,29-1151,1,1,1:1,,4.67,4.0,4.0,5.0,5.33,4.0
3257,29-1161,1,1,1:1,,5.67,5.33,5.0,6.67,4.0,5.0
3258,29-1171,1,1,1:1,,5.67,5.67,5.0,6.67,5.67,5.5
3260,29-1199,4,3,partial,29-1299.00,5.223333333333334,5.446666666666666,4.223333333333334,5.553333333333334,4.443333333333333,5.056666666666667
3300,29-2010,6,4,partial,"29-2011.04, 29-2012.01",4.6675,4.6675,4.0024999999999995,3.665,4.75,4.04
3310,29-2021,1,1,1:1,,4.33,4.67,3.67,6.67,5.0,4.5
3320,29-2030,5,5,1:many,,4.7,4.468,3.8980000000000006,5.468,5.434,4.682
3400,29-2041,2,0,no data,"29-2042.00, 29-2043.00",,,,,,
3420,29-2050,7,6,partial,29-2099.00,3.5566666666666666,3.4450000000000003,3.2216666666666662,5.4433333333333325,5.166666666666667,3.526666666666667
3500,29-2061,1,1,1:1,,5.33,5.0,4.0,6.33,5.67,4.33
3510,29-2071,2,0,no data,"29-2072.00, 29-9021.00",,,,,,
3520,29-2081,1,1,1:1,,3.67,5.33,3.33,5.0,4.33,3.83
3535,29-2090,8,6,partial,"29-2036.00, 29-2099.00",4.696666666666666,4.39,3.9716666666666662,5.5566666666666675,4.803333333333334,4.485
3540,29-9000,8,6,partial,"29-9021.00, 29-9099.00",5.111666666666667,4.611666666666667,4.388333333333333,5.835,4.498333333333334,4.473333333333334
3600,31-1010,4,4,1:many,,2.915,3.0,2.3325,5.0825,4.6675,3.125
3610,31-2010,2,2,1:many,,4.835,4.5,2.67,5.5,4.835,4.33
3620,31-2020,2,2,1:many,,4.67,4.17,3.165,6.67,4.835,4.25
3630,31-9011,1,1,1:1,,3.67,4.67,3.33,5.33,3.0,3.5
3640,31-9091,1,1,1:1,,3.33,3.67,3.0,6.0,5.67,4.17
3645,31-9092,1,1,1:1,,4.67,3.33,3.33,5.67,5.67,4.17
3646,31-9094,1,1,1:1,,3.0,2.67,2.67,4.0,4.67,2.67
3647,31-9095,1,1,1:1,,3.0,3.33,2.67,5.0,5.0,2.33
3648,31-9096,1,1,1:1,,2.33,2.33,2.33,5.33,5.0,2.67
3649,31-9097,1,1,1:1,,4.0,2.67,3.0,4.0,4.67,3.5
3655,31-909X,4,3,partial,31-9099.00,3.5566666666666666,3.1133333333333333,3.3366666666666664,4.78,5.223333333333334,3.5566666666666666
3700,33-1011,1,1,1:1,,4.67,5.33,4.0,4.33,6.0,4.5
3710,33-1012,1,1,1:1,,5.0,6.33,6.0,5.33,5.0,5.33
3720,33-1021,1,1,1:1,,5.33,5.67,5.0,5.0,5.5,5.25
3730,33-1099,2,0,no data,"33-1091.00, 33-1099.00",,,,,,
3740,33-2011,1,1,1:1,,5.5,4.67,4.83,5.67,5.83,4.5
3750,33-2020,2,2,1:many,,5.25,5.085,4.415,4.585,4.75,4.335
3800,33-3010,2,2,1:many,,3.665,4.17,3.165,5.165,5.335,3.415
3820,33-3021,4,4,1:many,,4.7925,4.5,4.4575,4.1675,5.0425,5.0024999999999995
3830,33-3031,1,1,1:1,,5.0,5.33,4.0,3.67,5.33,4.67
3840,33-3041,1,1,1:1,,2.0,3.33,2.33,4.0,4.0,2.67
3850,33-3051,1,1,1:1,,5.67,5.67,5.17,5.67,5.67,4.75
3860,33-3052,1,1,1:1,,4.0,5.0,3.33,5.0,5.0,4.83
3900,33-9011,1,1,1:1,,4.0,5.33,2.67,5.33,5.0,4.0
3910,33-9021,1,1,1:1,,5.33,5.33,4.33,3.33,2.67,3.83
3930,33-9030,2,2,1:many,,3.665,4.835,3.165,3.835,5.165,3.335
3940,33-9091,1,1,1:1,,2.0,3.0,2.33,3.33,3.0,1.83
3945,33-9093,1,1,1:1,,2.67,3.33,3.33,5.0,6.0,3.17
3955,33-909X,4,2,partial,"33-9094.00, 33-9099.00",4.835,5.0,3.335,5.17,4.83,3.75
4000,35-1011,1,1,1:1,,5.0,6.0,5.33,4.67,3.67,4.5
4010,35-1012,1,1,1:1,,3.67,4.67,3.67,5.67,4.67,3.17
4020,35-2010,6,5,partial,35-2019.00,2.732,3.6659999999999995,2.268,4.066,3.6,2.6
4030,35-2021,1,1,1:1,,1.67,1.67,1.67,4.67,4.67,2.0
4040,35-3011,1,1,1:1,,2.33,4.0,2.67,5.33,3.33,2.33
4050,35-3021,1,1,1:1,,1.67,1.83,1.67,4.5,4.0,1.92
4060,35-3022,2,2,1:many,,1.835,2.25,1.835,4.415,3.835,2.21
4110,35-3031,1,1,1:1,,2.33,2.33,2.0,6.0,3.33,2.0
4120,35-3041,1,1,1:1,,1.67,2.33,1.67,3.67,3.67,2.33
4130,35-9011,1,1,1:1,,1.67,2.0,1.67,5.33,3.0,1.67
4140,35-9021,1,1,1:1,,1.67,2.0,1.67,4.0,2.67,1.5
4150,35-9031,1,1,1:1,,2.67,2.33,2.33,5.0,3.0,2.5
4160,35-9099,1,0,no data,35-9099.00,,,,,,
4200,37-1011,1,1,1:1,,3.67,5.67,3.33,3.67,5.0,3.83
4210,37-1012,1,1,1:1,,4.0,5.33,3.0,5.0,4.0,4.17
4220,37-201X,2,1,partial,37-2019.00,1.67,2.0,1.33,4.33,3.0,2.0
4230,37-2012,1,1,1:1,,1.67,2.0,1.0,5.33,2.67,1.67
4240,37-2021,1,1,1:1,,3.33,5.33,2.33,4.67,5.0,3.0
4250,37-3010,4,3,partial,37-3019.00,2.4466666666666668,3.3333333333333335,2.223333333333333,3.6633333333333336,4.333333333333333,3.11
4300,39-1010,1,1,1:1,,4.17,5.17,4.17,6.0,5.0,3.92
4320,39-1021,4,2,partial,"39-1014.00, 53-1044.00",4.665,5.5,4.335,5.5,4.665,4.335
4340,39-2011,1,1,1:1,,4.0,5.33,3.0,4.33,3.0,3.5
4350,39-2021,1,1,1:1,,2.67,3.33,2.33,4.67,3.33,2.5
4400,39-3010,3,2,partial,39-3019.00,2.165,3.0,2.165,5.0,5.165,2.585
4410,39-3021,1,1,1:1,,2.67,2.67,2.0,2.33,4.0,2.0
4420,39-3031,1,1,1:1,,1.33,2.0,1.67,4.33,3.33,1.83
4430,39-3090,4,3,partial,39-3099.00,1.7766666666666666,3.22,1.7766666666666666,4.78,3.4433333333333334,2.5566666666666666
4460,39-40XX,2,2,1:many,,2.835,4.165,2.5,5.0,4.33,3.415
4465,39-4031,1,1,1:1,,4.67,5.33,4.0,6.33,4.0,4.33
4500,39-5011,1,1,1:1,,4.67,3.33,3.0,5.0,2.33,3.5
4510,39-5012,1,1,1:1,,4.0,5.0,2.67,6.33,2.0,3.17
4520,39-5090,4,4,1:many,,3.085,3.2525,2.75,5.085,2.915,2.835
4530,39-6010,2,2,1:many,,2.67,3.83,2.17,6.0,4.0,3.165
4540,39-7010,2,2,1:many,,3.165,3.835,2.5,5.335,3.0,2.835
4600,39-9011,2,2,1:many,,4.0,4.5,2.5,6.0,3.0,3.33
4610,39-9021,1,1,1:1,,4.0,3.33,2.67,5.67,4.0,3.0
4620,39-9030,2,2,1:many,,4.5,5.0,3.165,6.0,4.0,3.67
4640,39-9041,1,1,1:1,,4.0,4.67,3.0,6.33,4.67,3.83
4650,39-9099,2,0,no data,"39-4012.00, 39-9099.00",,,,,,
4700,41-1011,1,1,1:1,,3.67,4.67,3.67,4.33,4.0,4.0
4710,41-1012,1,1,1:1,,4.33,5.33,4.0,5.0,5.0,5.17
4720,41-2010,2,2,1:many,,2.5,2.835,2.0,4.5,4.0,2.335
4740,41-2021,1,1,1:1,,2.33,2.67,2.0,4.33,4.0,2.17
4750,41-2022,1,1,1:1,,2.67,3.67,2.67,4.67,3.33,3.0
4760,41-2031,1,1,1:1,,3.0,3.0,2.67,5.0,4.0,2.33
4800,41-3011,1,1,1:1,,5.0,5.33,4.67,6.33,4.67,5.33
4810,41-3021,1,1,1:1,,5.0,5.33,3.67,5.33,4.67,3.83
4820,41-3031,1,1,1:1,,5.17,5.08,4.42,4.75,4.42,5.17
4830,41-3041,1,1,1:1,,3.33,3.33,3.33,4.67,3.0,3.17
4840,41-3099,2,1,partial,41-3091.00,5.17,5.08,4.42,4.75,4.42,5.17
4850,41-4010,3,3,1:many,,4.89,4.89,3.78,4.553333333333334,3.78,4.613333333333333
4900,41-9010,2,2,1:many,,2.17,2.5,3.5,5.335,2.17,2.75
4920,41-9020,2,2,1:many,,5.0,5.165,4.33,5.0,3.5,4.5
4930,41-9031,1,1,1:1,,5.67,4.67,4.67,5.33,4.33,5.33
4940,41-9041,1,1,1:1,,3.33,2.67,2.33,3.67,3.67,1.83
4950,41-9091,1,1,1:1,,3.67,3.67,2.0,5.0,2.0,2.5
4965,41-9099,1,0,no data,41-9099.00,,,,,,
5000,43-1011,1,1,1:1,,4.33,5.33,4.33,5.33,5.67,4.83
5010,43-2011,1,1,1:1,,2.33,4.0,2.33,5.67,4.67,3.17
5020,43-2021,1,1,1:1,,2.67,3.0,2.67,5.33,4.0,2.67
5030,43-2099,1,0,no data,43-2099.00,,,,,,
5100,43-3011,1,1,1:1,,3.33,3.0,2.33,4.33,4.0,3.0
5110,43-3021,1,1,1:1,,2.67,4.0,2.67,4.5,4.5,3.08
5120,43-3031,1,1,1:1,,3.67,3.67,3.0,4.67,5.0,3.67
5130,43-3041,1,1,1:1,,2.67,3.0,2.0,4.67,4.33,2.67
5140,43-3051,1,1,1:1,,3.33,3.33,3.0,5.0,4.33,3.33
5150,43-3061,1,1,1:1,,3.67,4.33,3.33,4.33,4.0,3.33
5160,43-3071,1,1,1:1,,3.0,3.67,2.33,6.0,5.0,3.33
5165,43-3099,1,0,no data,43-3099.00,,,,,,
5200,43-4011,1,1,1:1,,4.0,4.33,3.33,5.33,5.0,4.17
5210,43-4021,1,1,1:1,,2.33,4.0,2.67,4.33,4.0,2.83
5220,43-4031,1,1,1:1,,3.0,3.78,3.0,4.89,3.78,3.61
5230,43-4041,1,1,1:1,,2.67,4.33,2.5,4.5,4.67,2.83
5240,43-4051,2,2,1:many,,3.835,4.0,3.335,6.165,4.5,3.58
5250,43-4061,1,1,1:1,,3.67,4.33,3.33,5.0,4.67,4.17
5260,43-4071,1,1,1:1,,2.33,2.67,2.0,3.33,4.33,2.17
5300,43-4081,1,1,1:1,,2.33,3.0,2.33,6.0,3.67,2.17
5310,43-4111,1,1,1:1,,2.33,3.67,2.0,5.67,5.0,3.67
5320,43-4121,1,1,1:1,,2.67,2.33,2.33,5.0,3.67,2.5
5330,43-4131,1,1,1:1,,3.67,3.33,3.67,4.67,4.33,3.5
5340,43-4141,1,1,1:1,,3.67,4.0,3.33,5.0,5.33,3.5
5350,43-4151,1,1,1:1,,2.33,3.67,2.33,3.33,4.33,3.5
5360,43-4161,1,1,1:1,,3.33,3.67,3.33,5.0,4.67,3.83
5400,43-4171,1,1,1:1,,3.0,3.0,2.33,5.67,4.0,2.67
5410,43-4181,1,1,1:1,,3.33,3.67,3.0,5.0,3.67,3.17
5420,43-4199,1,0,no data,43-4199.00,,,,,,
5500,43-5011,2,2,1:many,,3.165,3.67,3.0,4.165,4.5,3.415
5510,43-5021,1,1,1:1,,2.0,2.67,2.0,4.0,4.0,2.67
5520,43-5030,2,2,1:many,,3.665,4.335,3.335,4.665,5.335,4.0
5530,43-5041,1,1,1:1,,2.67,3.33,2.33,2.67,3.0,3.5
5540,43-5051,1,1,1:1,,2.33,3.0,2.67,4.33,4.33,3.83
5550,43-5052,1,1,1:1,,2.33,3.0,2.67,3.67,4.0,3.5
5560,43-5053,1,1,1:1,,2.33,2.33,2.0,4.33,4.67,2.83
5600,43-5061,1,1,1:1,,4.0,5.33,3.0,4.33,4.67,4.5
5610,43-5071,1,1,1:1,,2.67,3.0,2.67,5.33,4.33,2.83
5620,43-5081,1,1,1:1,,2.0,2.83,1.83,4.5,4.25,2.29
5630,43-5111,1,1,1:1,,2.33,2.67,2.33,5.0,4.33,2.5
5700,43-6010,4,4,1:many,,3.3325,3.0,2.9175,5.0825,4.8325,3.6225
5800,43-9011,1,0,no data,15-1299.00,,,,,,
5810,43-9021,1,1,1:1,,2.0,2.0,1.67,3.67,4.33,2.83
5820,43-9022,1,1,1:1,,2.0,3.67,2.0,5.0,4.0,2.5
5830,43-9031,1,1,1:1,,5.0,3.33,3.33,2.67,3.67,3.0
5840,43-9041,1,1,1:1,,3.0,3.33,2.33,4.67,4.5,3.0
5850,43-9051,1,1,1:1,,2.0,2.0,1.67,2.33,3.67,2.17
5860,43-9061,1,1,1:1,,2.33,2.67,2.33,5.67,4.33,2.5
5900,43-9071,1,1,1:1,,2.0,2.67,2.0,4.0,4.33,2.33
5910,43-9081,1,1,1:1,,3.67,3.67,3.67,5.33,3.67,2.5
5920,43-9111,2,2,1:many,,4.0,4.0,3.5,3.83,4.665,4.165
5940,43-9199,1,0,no data,43-9199.00,,,,,,
6005,45-1011,1,1,1:1,,4.5,5.17,3.67,4.33,4.58,4.25
6010,45-2011,1,1,1:1,,4.67,4.67,4.33,3.0,4.67,4.17
6020,45-2021,1,1,1:1,,3.67,4.33,2.33,2.0,3.67,4.0
6040,45-2041,1,1,1:1,,1.0,2.0,1.0,2.0,3.67,2.0
6050,45-2090,4,3,partial,45-2099.00,2.3333333333333335,2.4433333333333334,1.6133333333333333,2.8866666666666667,3.8866666666666667,2.17
6100,45-3011,1,1,1:1,,2.5,4.5,2.0,3.17,3.0,2.83
6110,45-3021,1,1,1:1,,2.5,4.5,2.0,3.17,3.0,2.83
6120,45-4011,1,1,1:1,,4.0,4.33,2.67,4.33,4.0,2.83
6130,45-4020,4,3,partial,45-4029.00,2.4433333333333334,4.113333333333333,2.11,3.11,5.333333333333333,3.223333333333333
6200,47-1011,2,2,1:many,,5.335,5.67,4.83,4.665,4.335,4.915
6210,47-2011,1,1,1:1,,3.0,4.0,2.67,4.33,5.0,3.5
6220,47-2020,2,2,1:many,,3.335,4.0,2.5,3.17,4.67,3.835
6230,47-2031,1,1,1:1,,3.67,4.33,2.83,3.0,4.83,3.83
6240,47-2040,4,4,1:many,,2.1675,3.335,2.165,3.415,3.83,3.0
6250,47-2050,2,2,1:many,,3.0,4.0,2.335,3.665,4.0,3.25
6260,47-2061,1,1,1:1,,2.33,2.67,1.67,4.0,4.33,3.17
6300,47-2071,1,1,1:1,,2.33,3.33,2.0,3.67,5.67,2.83
6310,47-2072,1,1,1:1,,2.33,2.33,2.0,3.0,5.33,2.83
6320,47-2073,1,1,1:1,,3.33,3.0,2.67,4.0,5.0,3.67
6330,47-2080,2,2,1:many,,2.5,3.5,2.165,3.835,4.165,3.415
6355,47-2111,1,1,1:1,,4.33,5.33,3.33,3.67,5.0,4.17
6360,47-2121,1,1,1:1,,3.33,3.0,2.33,3.67,3.33,4.0
6400,47-2130,2,2,1:many,,2.5,4.0,2.33,3.335,5.17,2.83
6420,47-2141,1,1,1:1,,3.0,3.67,2.33,3.33,4.0,3.33
6430,47-2142,1,1,1:1,,2.33,2.33,1.67,3.0,3.0,2.67
6440,47-2150,2,2,1:many,,2.915,4.0,2.665,4.335,4.75,3.455
6460,47-2161,1,1,1:1,,2.67,4.0,2.67,3.33,3.0,3.0
6500,47-2171,1,1,1:1,,2.0,2.33,2.33,4.33,5.0,3.17
6515,47-2181,1,1,1:1,,2.67,3.67,3.0,3.33,4.33,3.33
6520,47-2211,1,1,1:1,,3.0,3.67,2.33,3.33,5.0,3.17
6530,47-2221,1,1,1:1,,2.67,3.0,2.67,4.67,5.33,3.17
6540,47-2231,1,1,1:1,,4.0,3.33,3.0,3.0,4.0,3.5
6600,47-3010,7,6,partial,47-3019.00,2.0,2.4433333333333334,1.945,4.223333333333334,4.165,2.4983333333333335
6660,47-4011,1,1,1:1,,4.33,5.0,3.67,4.33,5.67,4.5
6700,47-4021,1,1,1:1,,3.67,4.67,3.33,4.33,6.0,4.83
6710,47-4031,1,1,1:1,,2.0,2.67,2.0,3.67,3.67,2.67
6720,47-4041,1,1,1:1,,2.67,3.67,2.33,3.67,6.33,3.17
6730,47-4051,1,1,1:1,,2.0,2.67,2.0,4.0,4.33,2.83
6740,47-4061,1,1,1:1,,2.67,3.33,2.33,3.67,4.67,3.33
6750,47-4071,1,1,1:1,,2.33,3.33,2.0,4.33,4.33,2.67
6765,47-4090,4,3,partial,47-4099.00,3.11,3.223333333333333,2.5566666666666666,3.776666666666667,4.223333333333334,3.276666666666667
6800,47-5010,3,3,1:many,,2.5566666666666666,3.3333333333333335,2.5533333333333332,4.443333333333333,5.78,3.1666666666666665
6820,47-5021,2,2,1:many,,3.335,4.165,2.5,3.335,5.835,3.42
6830,47-5031,1,1,1:1,,3.67,4.33,2.67,3.67,6.67,3.67
6840,47-5040,3,1,partial,"47-5049.00, 47-5099.00",2.0,2.0,2.0,3.67,5.33,3.33
6910,47-5061,1,1,1:1,,3.0,2.67,2.33,4.67,6.0,3.0
6920,47-5071,1,1,1:1,,2.0,2.67,1.67,4.33,5.67,3.0
6930,47-5081,1,1,1:1,,2.0,2.67,1.0,3.0,4.67,3.0
6940,47-50XX,2,1,partial,47-5099.00,1.67,2.0,1.67,2.67,4.33,2.33
7000,49-1011,1,1,1:1,,4.67,5.67,4.0,4.33,4.33,5.0
7010,49-2011,1,1,1:1,,3.33,4.0,2.67,3.33,4.33,3.83
7020,49-2020,2,2,1:many,,4.165,4.0,2.67,3.665,5.0,4.33
7030,49-2091,1,1,1:1,,4.0,4.0,3.67,4.33,5.33,3.83
7040,49-2092,1,1,1:1,,3.33,3.67,3.0,4.0,5.0,3.67
7050,49-2093,1,1,1:1,,3.67,3.0,3.0,4.0,4.67,4.0
7100,49-209X,2,2,1:many,,3.33,4.665,2.665,3.335,5.17,4.25
7110,49-2096,1,1,1:1,,3.0,4.0,3.0,3.67,4.33,3.0
7120,49-2097,1,1,1:1,,3.0,3.33,2.67,4.0,4.33,3.17
7130,49-2098,1,1,1:1,,3.33,4.0,3.0,4.33,5.0,3.17
7140,49-3011,1,1,1:1,,4.0,3.67,3.33,4.33,6.0,4.67
7150,49-3021,1,1,1:1,,3.0,4.0,2.67,4.33,4.67,3.5
7160,49-3022,1,1,1:1,,3.0,4.33,2.33,5.33,5.33,3.17
7200,49-3023,1,1,1:1,,3.67,4.33,3.0,3.83,4.33,3.58
7210,49-3031,1,1,1:1,,3.67,3.67,3.33,4.33,5.0,3.5
7220,49-3040,3,3,1:many,,3.4433333333333334,4.0,2.89,3.3333333333333335,5.11,3.61
7240,49-3050,3,3,1:many,,3.6666666666666665,4.666666666666667,3.0,2.8866666666666667,4.776666666666666,3.89
7260,49-3090,3,3,1:many,,2.89,3.78,2.3333333333333335,3.11,3.8866666666666667,2.776666666666667
7300,49-9010,2,2,1:many,,2.5,4.5,2.165,2.67,5.0,3.25
7315,49-9021,1,1,1:1,,3.83,5.33,3.0,4.0,5.5,4.0
7320,49-9031,1,1,1:1,,3.33,4.67,2.33,3.0,4.33,4.0
7330,49-904X,2,2,1:many,,3.0,4.5,2.5,3.5,5.67,3.42
7340,49-9071,1,1,1:1,,3.33,4.0,2.67,4.0,5.0,3.67
7350,49-9043,1,1,1:1,,3.33,5.0,2.33,4.0,5.67,3.83
7360,49-9044,1,1,1:1,,3.33,5.33,2.67,4.33,5.67,4.67
7410,49-9051,1,1,1:1,,3.0,4.67,2.33,3.67,6.33,4.33
7420,49-9052,1,1,1:1,,2.33,4.0,2.33,4.33,5.0,3.67
7430,49-9060,5,4,partial,49-9069.00,3.665,4.25,2.6675,3.4175,3.5,3.5425
7440,49-9081,1,1,1:1,,4.0,3.0,3.0,3.67,4.33,3.83
7510,49-9091,1,1,1:1,,2.67,4.67,2.33,4.67,3.67,3.0
7520,49-9092,1,1,1:1,,3.0,5.0,2.67,3.33,5.33,4.33
7540,49-9094,1,1,1:1,,3.33,4.67,3.0,3.33,3.0,3.67
7550,49-9095,1,1,1:1,,3.0,4.0,2.33,5.0,5.33,3.33
7560,49-9096,1,1,1:1,,2.67,3.33,2.67,5.33,5.0,3.33
7600,49-9097,1,1,1:1,,3.33,4.33,2.33,3.67,5.33,4.17
7610,49-9098,1,1,1:1,,2.0,2.67,2.0,5.33,4.0,2.17
7630,49-909X,2,1,partial,49-9099.00,4.0,3.0,2.67,3.33,4.0,3.83
7700,51-1011,1,1,1:1,,5.0,5.67,4.67,5.0,5.33,4.67
7710,51-2011,1,1,1:1,,3.33,3.33,3.0,4.33,6.67,3.83
7720,51-2020,3,3,1:many,,2.223333333333333,2.4433333333333334,1.8866666666666667,3.89,5.223333333333334,2.61
7730,51-2031,1,1,1:1,,3.33,3.67,3.0,4.67,5.33,3.33
7740,51-2041,1,1,1:1,,3.0,2.33,2.33,3.33,5.0,3.33
7750,51-2090,4,3,partial,51-2099.00,2.4466666666666668,2.4433333333333334,2.33,3.6633333333333336,4.556666666666667,2.8366666666666664
7800,51-3011,1,1,1:1,,5.0,3.67,3.0,3.0,3.33,2.5
7810,51-3020,3,3,1:many,,2.1133333333333333,2.3333333333333335,1.7766666666666666,3.776666666666667,3.89,2.0566666666666666
7830,51-3091,1,1,1:1,,2.0,2.33,2.0,3.33,4.67,2.5
7840,51-3092,1,1,1:1,,2.0,2.0,1.67,3.33,4.33,2.17
7850,51-3093,1,1,1:1,,2.67,3.0,2.0,3.33,4.67,2.33
7855,51-3099,1,0,no data,51-3099.00,,,,,,
7900,51-4010,2,2,1:many,,3.165,4.0,3.0,3.835,5.0,3.415
7920,51-4021,1,1,1:1,,2.0,2.67,2.0,4.33,5.0,2.5
7930,51-4022,1,1,1:1,,2.0,2.0,2.0,3.33,5.0,2.67
7940,51-4023,1,1,1:1,,2.0,2.67,2.33,4.33,5.0,3.0
7950,51-4031,1,1,1:1,,2.67,2.67,2.0,4.33,4.33,2.5
7960,51-4032,1,1,1:1,,2.33,3.33,2.33,3.67,4.67,3.5
8000,51-4033,1,1,1:1,,1.67,3.0,1.67,3.0,4.0,2.67
8010,51-4034,1,1,1:1,,3.0,3.0,2.0,1.67,5.33,2.83
8020,51-4035,1,1,1:1,,2.33,2.67,2.0,2.33,5.33,2.83
8030,51-4041,1,1,1:1,,2.67,3.33,2.67,2.0,5.33,3.33
8040,51-4050,2,2,1:many,,2.33,2.835,2.0,2.5,5.835,2.415
8060,51-4060,2,2,1:many,,3.33,3.5,2.835,3.17,4.835,3.5
8100,51-4070,2,2,1:many,,2.0,2.67,2.0,2.835,4.835,2.415
8120,51-4081,1,1,1:1,,2.0,2.67,2.0,3.33,5.0,2.83
8130,51-4111,1,1,1:1,,3.0,3.67,2.33,3.33,5.0,3.83
8140,51-4120,2,2,1:many,,2.415,3.25,2.25,3.75,5.25,3.0
8150,51-4191,1,1,1:1,,2.33,3.0,2.0,3.67,5.33,2.67
8160,51-4192,1,1,1:1,,3.33,3.67,2.67,4.0,5.0,3.33
8200,51-4193,1,1,1:1,,2.0,2.0,2.33,4.33,4.67,2.5
8210,51-4194,1,1,1:1,,2.33,3.0,2.33,2.0,5.0,2.67
8220,51-4199,1,0,no data,51-4199.00,,,,,,
8250,51-5111,1,1,1:1,,2.67,4.33,2.67,3.67,4.67,2.83
8255,51-5112,1,1,1:1,,3.33,3.0,3.0,2.33,4.0,3.0
8256,51-5113,1,1,1:1,,3.33,3.67,3.0,3.0,4.0,3.17
8300,51-6011,1,1,1:1,,2.0,2.67,2.0,3.67,3.33,2.33
8310,51-6021,1,1,1:1,,1.67,1.67,1.33,4.33,3.67,1.5
8320,51-6031,1,1,1:1,,2.0,2.33,1.67,2.67,4.33,2.17
8330,51-6041,1,1,1:1,,2.67,2.67,1.67,2.67,3.33,2.33
8340,51-6042,1,1,1:1,,2.33,2.33,2.0,4.0,2.67,1.83
8350,51-6050,2,2,1:many,,3.33,4.165,2.335,3.33,3.17,3.085
8360,51-6061,1,1,1:1,,2.0,2.67,2.0,4.0,4.33,2.17
8400,51-6062,1,1,1:1,,2.33,2.33,2.0,3.67,4.33,2.5
8410,51-6063,1,1,1:1,,2.0,1.67,1.67,3.67,4.67,2.5
8420,51-6064,1,1,1:1,,2.0,2.67,1.67,3.0,4.33,2.33
8430,51-6091,1,1,1:1,,2.0,2.67,2.0,4.0,6.0,2.17
8440,51-6092,1,1,1:1,,3.33,3.67,2.33,4.0,4.0,3.67
8450,51-6093,1,1,1:1,,3.33,3.33,2.33,3.33,4.33,3.33
8460,51-6099,1,0,no data,51-6099.00,,,,,,
8500,51-7011,1,1,1:1,,3.33,3.33,2.67,4.33,3.67,3.17
8510,51-7021,1,1,1:1,,2.0,2.33,2.33,3.33,4.0,2.5
8520,51-7030,2,2,1:many,,3.0,4.165,2.67,3.335,5.0,3.17
8530,51-7041,1,1,1:1,,3.0,3.33,2.0,3.0,5.33,3.0
8540,51-7042,1,1,1:1,,2.33,3.33,2.33,3.0,5.67,3.0
8550,51-7099,1,0,no data,51-7099.00,,,,,,
8600,51-8010,3,3,1:many,,3.776666666666667,4.0,3.3366666666666664,4.446666666666666,6.0,4.056666666666667
8610,51-8021,1,1,1:1,,2.67,3.67,2.33,4.67,5.0,3.67
8620,51-8031,1,1,1:1,,3.0,4.67,2.33,2.33,5.67,2.83
8630,51-8090,8,7,partial,51-8099.00,3.5714285714285716,3.6671428571428573,2.858571428571428,3.525714285714286,5.001428571428571,4.048571428571429
8640,51-9010,2,2,1:many,,2.665,3.83,2.33,3.5,5.335,3.5
8650,51-9020,3,3,1:many,,2.1133333333333333,2.5566666666666666,2.1133333333333333,3.6633333333333336,4.776666666666666,2.5533333333333332
8710,51-9030,2,2,1:many,,2.165,3.165,2.165,3.67,5.17,2.5
8720,51-9041,1,1,1:1,,2.33,3.33,2.0,3.0,5.67,2.33
8730,51-9051,1,1,1:1,,2.33,4.0,2.33,3.67,6.33,3.17
8740,51-9061,1,1,1:1,,2.33,2.33,1.67,3.0,4.33,2.83
8750,51-9071,2,2,1:many,,3.0,2.75,2.92,2.835,3.75,3.33
8760,51-9080,3,3,1:many,,3.78,4.11,3.223333333333333,4.223333333333334,4.996666666666667,4.056666666666667
8800,51-9111,1,1,1:1,,2.0,3.33,1.67,3.67,5.33,2.0
8810,51-9120,2,2,1:many,,2.165,2.335,2.165,2.335,4.5,2.085
8830,51-9151,1,1,1:1,,3.0,3.67,2.33,3.33,3.67,3.0
8840,51-9141,1,1,1:1,,2.0,2.67,2.33,4.33,5.33,2.83
8850,51-9191,1,1,1:1,,2.67,2.67,2.0,4.33,5.0,2.17
8860,51-9192,1,1,1:1,,2.33,2.67,1.67,4.67,4.0,2.5
8900,51-9193,1,1,1:1,,2.67,4.0,1.67,3.33,5.67,3.17
8910,51-9194,1,1,1:1,,2.67,4.0,2.67,4.0,4.33,2.83
8920,51-9195,4,4,1:many,,3.3325,3.1675,2.5,3.8325,4.415,2.83
8930,51-9196,1,1,1:1,,2.0,2.67,2.0,4.0,5.0,2.5
8940,51-9197,1,1,1:1,,2.33,3.33,2.33,4.0,4.67,3.17
8950,51-9198,1,1,1:1,,1.33,2.0,1.33,2.67,5.0,2.17
8965,51-9199,4,3,partial,51-9199.00,3.0,3.4433333333333334,2.776666666666667,3.5566666666666666,4.556666666666667,3.276666666666667
9000,53-1000,6,4,partial,"53-1044.00, 53-1049.00",4.5,5.415,4.25,4.9975000000000005,5.0825,4.2075
9030,53-2010,2,2,1:many,,5.67,6.33,5.835,4.835,6.5,5.25
9040,53-2020,2,2,1:many,,4.5,4.83,4.5,3.5,6.0,4.75
9050,53-2031,1,1,1:1,,3.67,4.67,3.0,6.33,6.0,4.83
9110,53-3011,1,1,1:1,,3.0,3.33,3.0,5.67,5.0,3.17
9120,53-3020,3,1,partial,"53-3051.00, 53-3053.00",3.0,4.33,2.0,5.0,5.0,3.0
9130,53-3030,3,3,1:many,,2.223333333333333,3.6666666666666665,2.11,2.8866666666666667,4.556666666666667,3.0566666666666666
9140,53-3041,2,0,no data,"53-3053.00, 53-3054.00",,,,,,
9150,53-3099,1,0,no data,53-3099.00,,,,,,
9200,53-4010,3,3,1:many,,2.5,3.39,2.4433333333333334,4.11,5.833333333333333,3.72
9230,53-4021,1,1,1:1,,2.5,2.83,2.0,3.67,5.5,3.33
9240,53-4031,1,1,1:1,,3.33,5.0,3.0,3.67,5.67,4.33
9260,53-40XX,2,1,partial,53-4099.00,2.33,3.0,3.0,5.0,5.0,4.0
9300,53-5011,1,1,1:1,,3.67,2.67,2.67,3.67,5.67,3.17
9310,53-5020,2,2,1:many,,3.775,5.225,3.775,4.67,4.779999999999999,4.0
9330,53-5031,1,1,1:1,,4.67,5.0,4.67,5.0,5.0,4.17
9340,53-6011,1,1,1:1,,3.0,3.67,2.33,4.33,4.33,3.67
9350,53-6021,1,1,1:1,,1.67,2.67,1.33,4.67,2.33,1.67
9360,53-6031,1,1,1:1,,1.67,3.0,1.67,3.33,4.67,2.17
9410,53-6051,3,3,1:many,,3.776666666666667,4.11,3.3333333333333335,3.776666666666667,4.996666666666667,4.223333333333334
9415,53-6061,1,1,1:1,,2.67,2.67,2.0,4.67,4.0,2.33
9420,53-60XX,3,1,partial,"53-6032.00, 53-6099.00",3.33,5.0,2.67,4.33,4.33,4.17
9500,53-7011,1,1,1:1,,2.0,3.67,2.33,4.67,6.0,3.33
9510,53-7021,1,1,1:1,,2.33,4.67,2.67,3.0,5.67,3.0
9520,53-7030,4,3,partial,53-7199.00,1.89,2.8866666666666667,1.89,3.11,5.003333333333333,3.0566666666666666
9560,53-7041,1,1,1:1,,3.0,4.67,2.33,4.0,6.0,3.5
9600,53-7051,1,1,1:1,,2.33,3.0,2.33,4.33,4.33,2.5
9610,53-7061,1,1,1:1,,1.33,2.33,1.0,3.67,3.67,1.83
9620,53-7062,1,1,1:1,,2.0,2.0,2.0,4.33,4.33,2.17
9630,53-7063,1,1,1:1,,2.0,2.33,2.0,4.33,4.33,2.17
9640,53-7064,1,1,1:1,,1.67,2.0,1.33,4.33,3.0,1.67
9650,53-7070,3,3,1:many,,2.33,3.4466666666666668,2.22,3.776666666666667,5.336666666666666,3.223333333333333
9720,53-7081,1,1,1:1,,2.0,2.33,1.33,4.0,4.33,2.83
9730,53-7111,1,1,1:1,,1.67,2.33,2.0,2.33,5.67,3.17
9740,53-7121,1,1,1:1,,2.67,5.0,2.33,4.67,6.0,3.0
9750,53-7199,1,0,no data,53-7199.00,,,,,,
9800,55-1010,8,0,no data,"55-1011.00, 55-1012.00, 55-1013.00, 55-1014.00, 55-1015.00, 55-1016.00, 55-1017.00, 55-1019.00",,,,,,
9810,55-2010,3,0,no data,"55-2011.00, 55-2012.00, 55-2013.00",,,,,,
9820,55-3010,9,0,no data,"17-3029.00, 55-3011.00, 55-3012.00, 55-3013.00, 55-3014.00, 55-3015.00, 55-3016.00, 55-3018.00, 55-3019.00",,,,,,
